-- MySQL Script generated by MySQL Workbench
-- Mon Nov 20 22:06:35 2023
-- Model: New Model    Version: 1.0
-- MySQL Workbench Forward Engineering

SET @OLD_UNIQUE_CHECKS=@@UNIQUE_CHECKS, UNIQUE_CHECKS=0;
SET @OLD_FOREIGN_KEY_CHECKS=@@FOREIGN_KEY_CHECKS, FOREIGN_KEY_CHECKS=0;
SET @OLD_SQL_MODE=@@SQL_MODE, SQL_MODE='ONLY_FULL_GROUP_BY,STRICT_TRANS_TABLES,NO_ZERO_IN_DATE,NO_ZERO_DATE,ERROR_FOR_DIVISION_BY_ZERO,NO_ENGINE_SUBSTITUTION';

-- -----------------------------------------------------
-- Schema estudio_de_grabacion
-- -----------------------------------------------------
DROP SCHEMA IF EXISTS `estudio_de_grabacion` ;

-- -----------------------------------------------------
-- Schema estudio_de_grabacion
-- -----------------------------------------------------
CREATE SCHEMA IF NOT EXISTS `estudio_de_grabacion` DEFAULT CHARACTER SET utf8 ;
USE `estudio_de_grabacion` ;

-- -----------------------------------------------------
-- Table `estudio_de_grabacion`.`Empleado`
-- -----------------------------------------------------
DROP TABLE IF EXISTS `estudio_de_grabacion`.`Empleado` ;

CREATE TABLE IF NOT EXISTS `estudio_de_grabacion`.`Empleado` (
  `idEmpleado` INT NOT NULL,
  `nombre` VARCHAR(45) NOT NULL,
  `apellido` VARCHAR(45) NOT NULL,
  `contraseña` VARCHAR(45) NOT NULL,
  `autorizacion` BINARY NOT NULL,
  `sueldo` FLOAT NOT NULL,
  `turno` VARCHAR(15) NOT NULL,
  PRIMARY KEY (`idEmpleado`),
  UNIQUE INDEX `IDEmpleado_UNIQUE` (`idEmpleado` ASC) VISIBLE)
ENGINE = InnoDB;


INSERT INTO Empleado (idEmpleado, nombre, apellido, contraseña, autorizacion, sueldo, turno)
VALUES
(1234, 'José', 'Iturbide', 'uj879', 1, 7000.00, 'Matutino'),
(2345, 'Linda', 'Turner', 'abc89', 0, 4500.00, 'Vespertino'),
(3456, 'Joss', 'Marino',  'mjne10', 1, 6500.00, 'Matutino'),
(1, 'Empleado', 'Ejemplo', '1', 1, 1000.00, 'Vespertino'),
(4567, 'Karim', 'Cassir', 'oiuh90', 0, 5900.00, 'Vespertino');


-- -----------------------------------------------------
-- Table `estudio_de_grabacion`.`Sala`
-- -----------------------------------------------------
DROP TABLE IF EXISTS `estudio_de_grabacion`.`Sala` ;

CREATE TABLE IF NOT EXISTS `estudio_de_grabacion`.`Sala` (
  `idSala` INT NOT NULL,
  `costoPorHora` FLOAT NOT NULL,
  `Encargado_idEmpleado` INT NOT NULL,
  PRIMARY KEY (`idSala`, `Encargado_idEmpleado`),
  UNIQUE INDEX `IDSala_UNIQUE` (`idSala` ASC) VISIBLE,
  INDEX `fk_Sala_Empleado_idx` (`Encargado_idEmpleado` ASC) VISIBLE,
  CONSTRAINT `fk_Sala_Empleado`
    FOREIGN KEY (`Encargado_idEmpleado`)
    REFERENCES `estudio_de_grabacion`.`Empleado` (`idEmpleado`)
    ON DELETE NO ACTION
    ON UPDATE NO ACTION)
ENGINE = InnoDB;

INSERT INTO Sala (idSala, costoPorHora, Encargado_idEmpleado)
VALUES
(1, 4500.00, 3456),
(2, 2500.00, 1234),
(3, 1000.00, 2345),
(4, 3200.00, 3456),
(5, 1300.00, 2345),
(6, 2100.00, 4567),
(7, 4000.00, 3456);

-- -----------------------------------------------------
-- Table `estudio_de_grabacion`.`Sesiones`
-- -----------------------------------------------------
DROP TABLE IF EXISTS `estudio_de_grabacion`.`Sesiones` ;

CREATE TABLE IF NOT EXISTS `estudio_de_grabacion`.`Sesiones` (
  `idSesiones` INT NOT NULL,
  `generoMusical` VARCHAR(45) NOT NULL,
  `fecha` DATE NOT NULL,
  `hora` TIME NOT NULL,
  `duracion` INT NOT NULL,
  `costoTotal` FLOAT NOT NULL,
  `Sala_idSala` INT NOT NULL,
  PRIMARY KEY (`idSesiones`, `Sala_idSala`),
  INDEX `fk_Sesiones_Sala1_idx` (`Sala_idSala` ASC) VISIBLE,
  CONSTRAINT `fk_Sesiones_Sala1`
    FOREIGN KEY (`Sala_idSala`)
    REFERENCES `estudio_de_grabacion`.`Sala` (`idSala`)
    ON DELETE NO ACTION
    ON UPDATE NO ACTION)
ENGINE = InnoDB;

INSERT INTO Sesiones (idSesiones, generoMusical, fecha, hora, duracion, Sala_idSala, costoTotal)
VALUE 
(90877, 'Jazz', '2023-10-21', '19:00:00', 3, 4, 9600.00),
(78344, 'Rock', '2023-09-09', '14:00:00', 5, 7, 20000.00),
(54665, 'Jazz', '2022-02-17', '08:00:00', 6, 4, 8400.00),
(75674, 'Pop', '2021-04-08', '10:00:00', 2, 1, 9000.00),
(42365, 'Clásica', '2023-11-03', '11:00:00', 4, 7, 16000.00),
(76435, 'Pop', '2020-10-21', '13:00:00', 3, 6, 6300.00),
(48263, 'Hip hop', '2023-11-22', '15:00:00', 5, 3, 5000.00),
(32454, 'Hip hop', '2023-05-07', '19:00:00', 2, 3, 2000.00),
(28390, 'Pop', '2019-09-16', '20:00:00', 2, 7, 14000.00),
(83720, 'Pop', '2023-03-17', '12:00:00', 7, 7, 28000.00),
(23428, 'Jazz', '2019-02-28', '09:00:00', 4, 2, 10000.00),
(32672, 'Clásica', '2022-01-02', '08:00:00', 3, 2, 7500.00),
(19374, 'Clásica', '2023-01-19', '10:00:00', 2, 1, 9000.00),
(38279, 'Rock', '2023-05-20', '17:00:00', 4, 5, 5200.00),
(42910, 'Rock', '2018-09-28', '12:00:00', 2, 5, 2600.00),
(19471, 'Jazz', '2023-06-30', '11:00:00', 3, 6, 6300.00),
(09210, 'Pop', '2022-07-29', '13:00:00', 5, 1, 22500.00),
(02820, 'Rock', '2022-05-22', '17:00:00', 4, 5, 5200.00),
(12311, 'Pop', '2017-12-28', '14:00:00', 2, 5, 2600.00),
(11223, 'Hip hop', '2022-08-30', '16:00:00', 3, 6, 6300.00),
(33210, 'Pop', '2023-07-04', '13:00:00', 5, 1, 22500.00);

-- -----------------------------------------------------
-- Table `estudio_de_grabacion`.`Clientes`
-- -----------------------------------------------------
DROP TABLE IF EXISTS `estudio_de_grabacion`.`Clientes` ;

CREATE TABLE IF NOT EXISTS `estudio_de_grabacion`.`Clientes` (
  `idClientes` INT NOT NULL,
  `nombre` VARCHAR(45) NOT NULL,
  `apellidos` VARCHAR(45) NOT NULL,
  PRIMARY KEY (`idClientes`),
  UNIQUE INDEX `idClientes_UNIQUE` (`idClientes` ASC) VISIBLE)
ENGINE = InnoDB;

INSERT INTO Clientes (idClientes, nombre, apellidos)
VALUES 
(123, 'Juan', 'Perez'),
(384, 'Lorena', 'Juarez'),
(902, 'Mark', 'Smith'),
(734, 'Ashley', 'Franz'),
(636, 'Nicole', 'Dario'),
(736, 'Liz', 'Mila'),
(932, 'Hunter', 'Morris'),
(364, 'André', 'Tzar'),
(135, 'Jean', 'Miller'),
(473, 'Francisco', 'Pizarro'),
(945, 'Julian', 'Alvarez'),
(921, 'Ann', 'Jimenez'),
(112, 'Katerina', 'Pollock'),
(201, 'José', 'Mechado'),
(209, 'Luz', 'Garduño'),
(241, 'Carol', 'Lovelace'), 
(1, 'Cliente', 'Ejemplo'),
(012, 'Amado', 'Montes');

-- -----------------------------------------------------
-- Table `estudio_de_grabacion`.`SeisionesPorCliente`
-- -----------------------------------------------------
DROP TABLE IF EXISTS `estudio_de_grabacion`.`SeisionesPorCliente` ;

CREATE TABLE IF NOT EXISTS `estudio_de_grabacion`.`SeisionesPorCliente` (
  `Clientes_idClientes` INT NOT NULL,
  `Sesiones_idSesiones` INT NOT NULL,
  `Sesiones_Sala_idSala` INT NOT NULL,
  PRIMARY KEY (`Clientes_idClientes`, `Sesiones_idSesiones`, `Sesiones_Sala_idSala`),
  INDEX `fk_Clientes_has_Sesiones_Sesiones1_idx` (`Sesiones_idSesiones` ASC, `Sesiones_Sala_idSala` ASC) VISIBLE,
  INDEX `fk_Clientes_has_Sesiones_Clientes1_idx` (`Clientes_idClientes` ASC) VISIBLE,
  CONSTRAINT `fk_Clientes_has_Sesiones_Clientes1`
    FOREIGN KEY (`Clientes_idClientes`)
    REFERENCES `estudio_de_grabacion`.`Clientes` (`idClientes`)
    ON DELETE NO ACTION
    ON UPDATE NO ACTION,
  CONSTRAINT `fk_Clientes_has_Sesiones_Sesiones1`
    FOREIGN KEY (`Sesiones_idSesiones` , `Sesiones_Sala_idSala`)
    REFERENCES `estudio_de_grabacion`.`Sesiones` (`idSesiones` , `Sala_idSala`)
    ON DELETE NO ACTION
    ON UPDATE NO ACTION)
ENGINE = InnoDB;

INSERT INTO SeisionesPorCliente (Clientes_idClientes, Sesiones_idSesiones, Sesiones_Sala_idSala)
VALUE 
(384, 90877, 4),
(123, 78344, 7),
(932, 54665, 4),
(734, 75674, 1),
(902, 42365, 7),
(135, 76435, 6),
(473, 48263, 3),
(636, 32454, 3),
(945, 28390, 7),
(736, 83720, 7), 
(921, 23428, 2),
(112, 32672, 2),
(201, 19374, 1),
(209, 38279, 5),
(241, 42910, 5),
(012, 19471, 6),
(364, 09210, 1),
(012, 02820, 5),
(112, 12311, 5),
(902, 11223, 6),
(123, 33210, 1);


SET SQL_MODE=@OLD_SQL_MODE;
SET FOREIGN_KEY_CHECKS=@OLD_FOREIGN_KEY_CHECKS;
SET UNIQUE_CHECKS=@OLD_UNIQUE_CHECKS;
